<?xml version="1.0" encoding="UTF-8" standalone="yes"?>
<addon id="plugin.video.goopi" name="The Alien" version="0.12.0" provider-name="goopitv.net">
  <requires>
    <import addon="xbmc.python" version="2.1.0"/>
  </requires>
  <extension point="xbmc.python.pluginsource" library="default.py">
        <provides>video executable</provides>
  </extension>
  <extension point="xbmc.addon.metadata">
		<summary lang="en">The Alien</summary>
		<description lang="en">In this wizard you will find the latest Goopi TV build</description>
		<disclaimer lang="en">Finally a Goopi TV Wizard.</disclaimer>
		<platform>all</platform>
	</extension>
</addon>
